{"text": " what do you mean it's been working for the last three days and the mom and pop shop and the other mom and pop labs and the other website have been working the same way that i can access them and view them and they're hosted the same way so what are you talking about", "segments": [{"id": 0, "seek": 0, "start": 0.64, "end": 4.48, "text": " what do you mean it's been working for the last three days and the mom and pop shop and the other", "tokens": [50397, 437, 360, 291, 914, 309, 311, 668, 1364, 337, 264, 1036, 1045, 1708, 293, 264, 1225, 293, 1665, 3945, 293, 264, 661, 50589], "temperature": 0.0, "avg_logprob": -0.1424434632062912, "compression_ratio": 1.821917808219178, "no_speech_prob": 1.6369423178064224e-12}, {"id": 1, "seek": 0, "start": 5.5200000000000005, "end": 10.56, "text": " mom and pop labs and the other website have been working the same way that i can access them and", "tokens": [50641, 1225, 293, 1665, 20339, 293, 264, 661, 3144, 362, 668, 1364, 264, 912, 636, 300, 741, 393, 2105, 552, 293, 50893], "temperature": 0.0, "avg_logprob": -0.1424434632062912, "compression_ratio": 1.821917808219178, "no_speech_prob": 1.6369423178064224e-12}, {"id": 2, "seek": 0, "start": 10.56, "end": 16.56, "text": " view them and they're hosted the same way so what are you talking about", "tokens": [50893, 1910, 552, 293, 436, 434, 19204, 264, 912, 636, 370, 437, 366, 291, 1417, 466, 51193], "temperature": 0.0, "avg_logprob": -0.1424434632062912, "compression_ratio": 1.821917808219178, "no_speech_prob": 1.6369423178064224e-12}], "language": "en"}