{"text": " Yeah, do that.", "segments": [{"id": 0, "seek": 0, "start": 0.0, "end": 2.0, "text": " Yeah, do that.", "tokens": [50364, 865, 11, 360, 300, 13, 50464], "temperature": 0.0, "avg_logprob": -0.6442915201187134, "compression_ratio": 0.6363636363636364, "no_speech_prob": 0.18038462102413177}], "language": "en"}